album_id,album_name,album_release_date
1,Врубай,2024-11-28
2,Кульбаби,2022-12-09
3,Cassette,2021-12-13
4,Hurry Up Tomorrow,2025-01-31
5,ParisLove,2024-11-08
6,Силуети,2022-10-28
7,glory of heartbroken,2024-08-23
8,Не лякай,2024-09-06
9,Забий,2024-02-16
10,Die With A Smile,2024-08-16
11,Нагадай,2023-12-16
12,rosie,2024-12-06
13,Good Girl Gone Bad: Reloaded,2008-06-02
14,Рана,2024-07-03
15,Cristoforo Colombo,2023-11-03
16,AFTERCARE,2024-11-15
17,Їде дах,2024-08-13
18,lyin n' dyin,2025-01-31
19,Bieber Fever Tour Life,2024-12-06
20,S.A.M.O.,2025-01-17
21,DEBARAS,2025-01-29
22,Impostor syndrom,2024-11-08
23,Painkillers,2024-11-22
24,VOJNA,2024-06-07
25,Y0L0.5,2025-01-24
26,Sailor Song,2024-07-26
27,HIT ME HARD AND SOFT,2024-05-17
28,The Secret of Us (Deluxe),2024-10-18
29,FLOWDEMORT,2023-03-31
30,Skriker mitt namn,2025-01-17
31,Längesen,2024-12-25
32,Somna med Humlan Djojj,2020-10-30
33,Lucky Luciano,2025-01-17
34,Lost and found,2024-09-20
35,I've Tried Everything But Therapy (Part 2),2025-01-24
36,Upp och ner och hit och dit med Babblarna,2023-09-01
37,This Wasn't Meant For You Anyway,2024-06-21
38,QURBANI (KOM TBX),2025-01-10
39,Lost Tapes,2025-01-11
40,Hush Hush,2025-01-31
41,I've Tried Everything But Therapy (Part 1),2023-09-15
42,Mi Vida,2025-01-30
43,"Where I've Been, Isn't Where I'm Going",2024-05-31
44,Vino să te f,2024-12-14
45,Anglia,2024-11-01
46,MUSE,2024-07-19
47,Mercedes,2024-08-09
48,Meneaito,2024-12-13
49,ANGELINA JOLIE,2025-01-21
50,Baklava,2024-04-15
51,Jenifer buci de fier,2023-03-25
52,Vreau,2024-10-18
53,NUMAI FEMEI,2022-06-26
4,Hurry Up Tomorrow,2025-01-30
54,REGINA,2024-04-12
55,"A venit poliția (From ""Candidatul perfect"" The Movie)",2024-10-11
56,"Yali, Yali",2024-08-14
57,Rusia,2024-12-03
58,Oh Garota Eu Quero Você Só Pra Mim,2024-12-17
59,DeBÍ TiRAR MáS FOToS,2025-01-05
60,Carta de Alforria,2024-11-08
61,Resenha do Arrocha,2024-11-29
62,Fui Mlk,2024-11-22
63,Penélope Charmosa 2,2024-09-27
64,Do Job,2024-11-11
65,Barbie,2024-10-18
66,FIM DO NADA,2025-01-31
67,Si Antes Te Hubiera Conocido,2024-06-21
68,FANTASMA (versão GORDÃO DO PC),2024-12-11
69,Mixtape Supernova Vol.1,2024-12-12
70,intro + up! up! up!,2025-01-20
71,Muzyka Komercyjna (Deluxe),2022-12-23
72,KOCHASZ?,2024-12-26
73,TTHE GRIND,2024-04-04
74,TTHE GRIND (DELUXE),2025-01-30
75,Lloret de Mar,2024-09-16
76,Wynalazek Filipa Golarza,2024-11-07
77,Popularne,2021-08-12
78,CZEMU NIE ŚPISZ?,2024-10-10
79,Kaprysy,2024-06-13
80,A nie mówiłem?,2024-10-04
81,The Days (NOTION Remix),2024-11-08
82,Fanga av ein stormvind,2024-12-30
83,Bygdegut (her er eg),2025-01-03
84,Jentekveld,2025-01-24
85,FRIHET I LENKER,2024-10-25
86,Det regner i Oslo,2024-12-30
87,Få det på,2025-01-31
88,Symfoni,2025-01-03
89,PRTY,2025-01-24
90,Vil Ikke Dele,2025-01-17
91,Sports car,2025-01-24
92,Ga Dan!,2025-01-17
93,Waka,2025-01-24
94,Hotel,2025-01-31
95,Blikkendag,2024-09-22
96,Terug In De Tijd,2023-06-02
97,Spijt Is Voor Later,2024-12-13
98,Dirty Cash (Money Talks),2024-11-15
99,Alleen Met Jou,2024-09-27
100,I Surrender (Remix),2024-12-06
101,Ken Je Dat Gevoel,2025-01-09
102,Still Into You,2024-10-25
103,Ushuaia,2024-09-06
104,SOS,2024-12-05
105,Raķešu Zinātne,2023-03-10
106,I Smoked Away My Brain (I'm God x Demons Mashup) (feat. Imogen Heap & Clams Casino),2023-08-18
107,En Prise,2024-03-29
108,Fianchetto,2022-01-14
109,THE FIRST TIME,2023-11-10
110,4X4,2025-01-24
111,MABADI,2024-08-09
112,LE NORD SE SOUVIENT,2024-11-21
112,LE NORD SE SOUVIENT,2024-09-13
113,Fireworks & Rollerblades,2024-04-05
114,From Zero,2024-11-15
115,APOCALYPSE,2024-11-29
116,Plastika,2024-03-21
117,Sutemos,2024-05-31
118,Jeigu Žinai Ko Tu Nori,2024-11-03
119,Pasaka,2023-03-10
120,Lūpų Saldumo,2024-07-19
121,BIANCA (feat. Kid Yugi),2025-01-24
122,Tropico Del Capricorno,2025-01-10
123,LOCURA,2024-11-26
124,ALASKA BABY,2024-11-28
125,Mafia Slime 2,2025-01-17
126,Hello World,2024-12-06
127,TUTTA VITA,2024-10-25
128,BAMBOLA (feat. Niky Savage),2024-12-13
129,Non so chi ha creato il mondo ma so che era innamorato,2024-02-16
130,Tu Me Quieres,2024-09-13
131,Gangsta Shit (feat. Simba La Rue),2025-01-17
132,È FINITA LA PACE,2024-12-13
133,AYAHUASCA (feat. Tony Boy),2025-01-03
134,Going Hard 3,2024-12-06
135,Gleyma,2025-01-31
136,KBE kynnir: Legend í Leiknum,2024-08-16
137,1918,2024-10-18
138,Vögguvísur,2012-06-04
139,ÞEGAR ÉG SEGI MONNÍ,2024-09-19
140,RÓA,2025-01-17
141,"Good Luck, Babe!",2024-04-05
142,The Secret of Us,2024-06-21
143,Short n' Sweet,2024-08-23
144,Pink Skies,2024-05-24
145,Somedays,2024-07-26
146,Stick Season,2022-10-14
147,The Rise and Fall of a Midwest Princess,2023-09-21
148,Zach Bryan,2023-08-25
149,Unreal Unearth: Unaired,2024-08-19
150,"Csurran, cseppen",2025-01-17
151,BAKPAKK,2024-07-26
152,MOKKA,2024-07-26
153,Orgonabokor (Part 2),2025-01-25
154,rabiga,2024-08-10
155,VIDÉKI CSAJSZI,2024-10-02
156,Strawberry,2024-05-02
157,Lidokain,2024-12-08
151,BAKPAKK,2024-07-08
157,Lidokain,2024-08-13
158,Vagy Mindent Vagy Semmit,2024-02-02
159,Orgonabokor,2025-01-09
160,Meztelen,2018-12-15
161,FWTIA,2025-01-13
162,No Mercy,2025-01-10
163,Gia Sena,2024-12-26
164,ILEGAL,2024-11-28
165,TAMAM,2024-12-19
166,GIMMIE,2025-01-23
167,PROVLIMA,2025-01-30
168,Asteromata,2025-01-31
169,LV,2025-01-09
170,Gia Panta Kai Ligo Akoma,2025-01-30
171,Xiliometra,2024-09-13
172,FETIX,2025-01-30
173,SHOOTER ME TN,2024-11-27
174,AUTOS,2024-10-21
175,SINALOA,2025-01-02
176,LEOFORIO,2025-01-23
177,VIP,2025-01-09
178,4 Kampé,2024-10-25
179,J'AI MENTI.,2024-11-15
180,A LA VIE A LA MORT,2024-09-26
181,Minimum ça,2024-08-09
182,Arcane League of Legends: Season 2 (Soundtrack from the Animated Series),2024-11-23
183,Depuis le temps (Part. 2),2024-06-21
184,Je pense à vous,2024-03-01
185,Rehellisesti,2025-01-31
186,APATHIA,2025-01-24
187,Ehkä Se Siitä,2025-01-31
188,ROADMAN,2024-09-20
189,Kuka siin netis on,2025-01-31
190,Aina,2025-01-13
191,Hitaammin hautaan,2025-01-09
192,San Francisco Boy,2025-01-31
193,Diva,2024-11-15
194,bändipaita,2025-01-24
195,ICH KOMME,2025-01-16
196,Anteeks,2024-11-29
197,Kunpa oisin kertonut,2024-10-31
198,Sekaisin,2025-01-12
199,"Tili tuli, tili meni",2025-01-10
200,LA CIUDAD,2024-12-24
201,Angelito,2025-01-16
202,Mi Refe,2024-12-05
203,DONDE TE ESCONDES?,2025-01-16
204,Corazón Puro,2025-01-24
205,Imagínate,2024-11-07
206,LA PANTERA NEGRA (DELUXE),2024-10-17
207,BUENAS NOCHES,2024-11-22
208,Cosa Nuestra,2024-11-15
209,Yo sé,2024-05-23
210,Triana,2024-10-24
211,pilates spiritual clüb,2025-01-01
212,kirjadkoju.zip,2024-11-28
213,push it,2024-05-30
214,viinaingel,2025-01-31
215,hr maakler,2024-10-01
216,Espresso Macchiato,2024-12-07
217,Kisses (feat. bbyclose),2024-03-22
218,6llekas,2024-06-10
219,Blodigt (feat. Annika),2025-01-24
220,"Jeg vil bare gerne være et godt menneske, men det er ikke let.",2025-01-31
221,SIKKE EN TYPE,2025-01-31
222,Luk Mig Ind,2024-11-29
223,Lonely (feat. Artigeardit),2025-01-03
224,Månen Er Min Ven,2025-01-17
225,Knuser Hjerter,2024-03-08
226,Tænker Ik På Andre (feat. URO),2024-08-30
227,Smelter Under Månen,2024-06-21
228,Så længe jeg er sexy.,2024-08-02
229,SkyLL,2024-09-19
230,Børn Af Natten (Hola Bonita),2024-03-29
231,Nye Tider,2024-05-10
232,Wackelkontakt,2024-08-02
233,tau mich auf,2025-01-31
234,SABÍA QUE NO,2025-01-10
235,MNG,2025-01-24
236,Fata Morgana,2024-11-08
237,HERZBLATT (AUA AUA),2025-01-17
238,WENN DU DUMM BiST,2025-01-23
239,Ma Baby,2024-11-08
240,EIN TEIL VON MIR,2025-01-31
241,LICHTER AUS,2025-01-31
242,Gesegnet,2025-01-17
243,SEPTUM,2025-01-17
244,GLOBAL,2024-10-18
245,SATIVA,2024-11-11
246,Brick na brick,2023-09-06
247,Lej kto rrena,2025-01-31
248,Winter Ahead (with PARK HYO SHIN),2024-11-29
249,Ave,2024-11-01
250,MUSE (WONDER ver.),2024-07-23
251,ALASKA PUFFER,2024-12-20
252,Turbo (Majestic),2024-08-09
253,12,2019-10-01
254,GOLDEN,2023-11-03
255,8 способов как бросить...,2017-02-24
256,Контракт,2021-03-12
257,мило материшься,2024-12-06
258,Страшный сон 2,2024-10-25
259,MUSE (WANDER ver.),2024-07-23
260,Жить в кайф,2013-10-21
261,Гектор,2024-08-09
262,Разкажи ѝ,2025-01-24
263,Мераклия,2024-12-15
264,Mi Amor,2024-06-06
265,Уау,2024-11-24
266,Питаш ли ме,2024-12-20
267,Mazalyak,2024-12-04
268,Окадар,2024-05-26
269,Losha,2012-01-01
270,Born With a Broken Heart,2024-10-25
271,Black Friday (pretty like the sun),2024-07-19
272,Verwandtschaftstreffen,2024-06-27
273,Synchronicity (Remastered 2003),1983-06-17
274,Hotel Cabana (Deluxe Version),2013-01-01
275,Культурне диско,2025-01-24
276,Kto Sa Boji Nesmie Do Lesa,2025-01-31
277,Okej att dö,2025-01-31
278,Daydate,2025-01-30
279,I'm The Problem,2025-01-31
280,Tur i oturen,2025-01-24
281,Spania,2024-09-27
282,Re Trans Misja,2024-12-04
283,Du ska få en dag i mårgå,2025-01-31
284,Happy - :') (Remixes),2024-11-19
285,Abuja,2025-01-15
286,FAME,2025-01-31
287,CAZZI MIEI,2025-01-31
288,Not Real,2025-01-24
289,Afterglow,2025-01-26
290,Past Struggles,2024-12-20
291,MILF,2025-01-23
292,LEVÉL,2024-12-12
293,Ankeet tanssiaiset,2025-01-31
294,Modernin naisen modernit ongelmat,2025-01-31
295,EXIT,2024-11-08
296,LA REINA (REMIX),2025-01-16
297,Tony Montana,2025-01-30
298,Last Dance,2025-01-31
299,sebo & friends,2025-01-31
300,ROADTRIP,2023-02-03
301,Na Plech (Original Motion Picture Soundtrack),2025-01-23
302,FRI(END)S,2024-03-15
303,что бы она пела,2022-10-10
304,Who Realer?,2024-05-31
305,São Paulo,2024-10-31
306,Той день,2024-09-20
307,А що?,2024-05-22
308,HEARTBEAT,2024-09-26
309,Timeless,2024-09-27
310,Iné Plemená,2024-12-12
311,Restless Mind,2024-11-01
312,Land Till Land,2025-01-17
313,Hai sa ne iubim ca nemtii,2024-07-08
314,Vin Sa Te Fur,2024-12-23
315,Păi naa,2024-06-01
316,Obrigado Deus,2024-10-26
317,300 BANIEK,2025-01-26
318,Pięknie płyniesz,2024-12-04
319,ROCKST4R,2025-01-24
320,Romantisk,2025-01-24
321,Gassed,2025-01-24
322,A Lovestory,2025-01-10
323,Ko tā?,2023-07-14
324,La poupée monte le son,2024-12-20
325,A Casa (feat. Tony Boy),2025-01-29
326,FROST,2025-01-30
327,Orgonabokor (Part 1),2025-01-12
328,THUMISOU,2025-01-16
329,G.T.K.,2024-11-22
330,Run,2025-01-06
331,Mwen An Sa,2025-01-10
332,Päivä joka meidät pilaa,2025-01-17
333,Marraskuu,2024-11-01
334,Ympyrää,2024-11-22
335,April Mixtape 3,2023-05-05
336,Du ligner din mor,2024-12-27
337,2 Stepper Freestyle,2024-12-27
338,GOVA,2025-01-24
339,I Adore You (feat. Daecolm),2024-07-19
340,Адская колыбельная,2024-08-30
341,Снайпера,2024-12-14
342,AMG Isteria,2024-08-16
343,"Бом, Бом",2024-07-24
344,Дум Так,2024-08-15
345,Влака,2024-12-15
346,Ulitsata,2024-11-15
347,HEAVEN & HELL,2024-12-13
348,Tu Quizas,2024-04-28
349,CAN'T RUSH GREATNESS,2025-01-24
350,Hozier (Special Edition),2014-09-19
351,Try&Remember,2021-10-15
352,Фото со звездой,2024-10-11
353,Cecilia Lind,2024-10-11
354,Blick Sum (feat. Playboi Carti),2025-01-28
355,BETO DANCE,2023-12-08
356,Kylie Jenner,2024-09-13
357,Damage,2024-10-25
358,"You'll Be Alright, Kid (Chapter 1)",2024-09-27
359,I Love You.,2013-04-19
360,Felt Like This,2025-01-17
361,Mud Baby,2024-12-22
362,Patogu,2023-06-09
363,Græni Pakkinn,2024-08-11
364,EGY/KETTŐ,2024-11-01
365,Petheno,2024-12-22
366,ANATOLI,2024-12-05
367,Otan Kii,2024-08-23
368,IA,2024-10-17
369,PONYA,2024-01-12
370,Bieber Fever,2024-05-30
371,The Heist,2012-10-09
372,портреты (Acoustic),2022-09-09
373,Мания,2024-10-28
374,Откачила,2024-02-29
375,Menor do Desacato,2024-12-03
376,PRZEKAZ MYŚLI,2024-12-05
377,Sapnas,2024-10-04
378,Širdis,2024-10-10
379,Mantra,2024-10-10
380,MOLLY,2024-08-30
381,PORTIMÃO,2024-05-24
382,Опричники,2023-11-17
383,Рупе Рупе,2024-12-11
384,DOVIDENIA,2024-03-02
385,BENIHANA,2024-03-15
386,Kan Inte Gå,2021-12-29
387,Merhaba (Stil Turcesc),2024-08-19
388,Strange Trails,2015-04-06
389,Sover du,2025-01-24
390,"Zoet, Zout, Zuur",2023-05-19
391,When the Stars Gossip OST Part.3,2025-01-26
392,Tu Xera,2024-12-23
393,Vira Lata,2024-12-05
394,Ilusão De Ótica (Ao Vivo),2025-01-22
395,Banquinho (Ao Vivo),2024-11-29
396,Talvez (Ao Vivo),2025-01-23
397,Ahora,2019-05-10
398,Hvor Solen Ik' Skinner,2024-07-19
399,У батарей,2024-12-20
400,Long Way Down (Deluxe),2013-06-24
401,Good Girl Gone Bad,2007-01-01
402,Акація,2024-11-12
403,Viva La Vida,2024-03-15
404,Ikväll Igen,2023-04-12
405,Sees Igjen,2024-10-04
406,Hier Mag Alles,2023-11-24
407,The Star Chapter: SANCTUARY (Expanded Edition),2024-11-08
359,I Love You.,2013-04-22
408,Paskendę vyne,2023-06-29
409,Ego Kalbà,2025-01-16
410,SANDELA,2023-12-31
411,BAD BOY LOVESTORY,2024-11-01
412,atzen & barbies (feat. ski aggu),2025-01-09
413,Всё Что Вокруг,2012-05-22
274,Hotel Cabana (Deluxe Version),2014-01-01
414,Escape (2022 Remaster),1981-07-17
415,Bird of Pray,2025-01-24
401,Good Girl Gone Bad,2025-01-24
416,COMBINAȚII,2025-01-24
417,YAYO,2025-01-24
418,Chasing Paradise,2025-01-24
419,I Got You,2020-01-31
420,Prisimink,2024-08-15
421,Wet (feat. Glocky),2025-01-24
422,Íslenski draumurinn,2025-01-01
423,EPANO STO TRAPEZI,2025-01-23
424,Arm's Length,2025-01-24
425,Pyramide,2024-02-16
426,Se Nainen,2025-01-24
427,Alkuhuuma (feat. ANI),2025-01-24
428,Kääretorttu,2025-01-24
429,SEGUNDO INTENTO,2025-01-23
430,Lange Geschichten: Trauriges Ende,2025-01-24
431,TP,2025-01-24
432,TRUST ISSUES,2025-01-10
433,Четыре тридцать,2022-05-13
434,Bad Dreams,2024-09-13
435,ASTRO,2024-09-04
436,Berre ein gut,2025-01-17
437,Weathervane,2024-11-15
438,Følelser,2025-01-17
439,Running Out,2025-01-17
440,Love Sick (Deluxe),2023-02-28
441,Šermukšnis,2025-01-17
442,Demo,2024-06-29
147,The Rise and Fall of a Midwest Princess,2023-09-22
443,Menestys on paras tapa kostaa,2025-01-03
444,Iha miten vaa,2024-10-25
445,Made Of,2025-01-16
446,True Love X Yawa,2024-12-12
447,KENNY,2024-06-20
448,Butcher,2024-12-06
449,ci son io,2024-09-30
450,ultima (noapte),2024-12-29
451,Cine N-a Gresit Vreodata,2024-10-25
452,WSZYSTKO MIJA,2024-12-09
453,The Singles Collection,2013-03-15
454,Come To Me,2025-01-11
159,Orgonabokor,2025-01-12
455,Kataramenos,2024-11-14
456,Willy Wonka Freestyle,2025-01-17
232,Wackelkontakt,2024-08-01
457,Pose,2024-12-06
458,Филм за нас,2021-12-27
459,E Adevărat,2024-09-13
460,Falochrony,2024-08-23
461,Nu Meteen (Slide),2025-01-16
462,Visų Laikų Topai - 2,1995-07-09
463,MEIRA FRELSI,2025-01-17
464,Відриваючись,2023-05-03
465,CHAMPIONS LEAGUE,2025-01-17
466,Nightmares,2025-01-08
467,NDA,2024-07-07
468,Róż,2024-07-10
469,Stranger (Främling),2024-12-16
470,Gaan We Weg?,2024-07-12
471,Intro,2024-09-06
472,Normal,2024-07-12
473,Puppy,2025-01-15
474,White Christmas (with V of BTS),2024-12-06
475,Belt Double G,2024-10-05
476,Long Way Down (Expanded Edition),2013-06-24
477,Vandaag Ben Ik Van Jou,2025-01-17
478,Bloqueei,2024-03-14
479,Fire,2025-01-17
480,Gyere Kislány,2024-09-07
481,Rien 100 Rien,2019-06-28
482,Lämmi,2019-08-06
483,Det Modsatte,2023-09-22
484,"Така съм аз, така си ти",2024-07-03
485,Gå för glory,2025-01-16
486,Halleluja,2025-01-17
487,Turbo Orange,2024-10-20
488,Eviva l’arte! (K. Przerwa-Tetmajer),2025-01-16
489,Art Brut 1 RemiXed,2024-12-19
490,Tilbake,2025-01-17
491,GBP (feat. 21 Savage),2025-01-16
492,Suuria tarinoita,2025-01-17
493,Robocop,2024-12-30
494,QUALITÄT,2025-01-17
495,omluva,2024-12-28
496,Dory,2025-01-12
497,"One Day You´ll Dance For Me, New York City",2025-01-10
498,I Surrender (feat. Lange Frans) [Remix],2024-12-06
499,yustyna,2024-07-11
500,Tip Tap,2024-11-29
289,Afterglow,2025-01-15
350,Hozier (Special Edition),2013-01-01
501,Jeesus,2024-12-25
502,Paletti (feat. Sexmane),2025-01-03
503,In Liebe,2024-08-16
504,ROTE FLAGGEN,2023-05-25
505,PLAYBOYBUNNIES,2024-10-04
506,Champions League,2024-11-29
507,ZHIVOT MOY,2024-11-18
508,AVĪCI (01),2017-08-10
509,Hustler,2024-06-14
510,Mamma (feat. Bendik),2025-01-03
511,All about you (Radio Edit),2025-01-07
512,Miljoonii (feat. TUULI),2024-12-06
513,Levoton tuhkimo,2024-12-20
514,7DIGITS,2024-12-20
515,See Me Shine,2025-01-12
516,KAPITAL,2025-01-10
517,MATRIX,2025-01-08
518,FOMO 88.8 FM,2024-08-08
519,Frühling im Viertel 2.0 (feat. Kane),2025-01-10
520,GROTESKA,2025-01-10
521,Sundress,2018-11-20
522,Danadinha,2023-12-06
523,Fuck Polizei,2024-12-13
524,Vaisto (feat. Juuna Chill),2024-06-14
525,RECOMMENCE-MOI,2024-05-24
526,bauch beine po,2024-07-25
527,Rockwood,2024-08-16
528,LONDON LP,2025-01-09
529,Nārnija,2024-03-07
530,Lovezin Bandido,2024-12-20
531,Atrai o Que Fala - Eletronejo,2024-12-20
532,Randandan Na Motinha,2024-12-20
533,Verdade,2024-11-29
534,Doeu Mas Não Matou,2024-11-14
535,Estilo Nattanzinho (Ao Vivo em São Paulo),2024-08-07
536,Ao Vivo Em São Paulo - Vol. 1,2024-10-24
537,Toca Que Eu Quero Ouvir,2024-09-20
538,Cachorro,2024-12-20
539,Partiu Role,2024-07-12
540,Lovebug,2024-03-08
541,Tiara,2024-02-16
542,Oy Lele,2024-10-04
199,"Tili tuli, tili meni",2025-01-09
543,Aluspükse,2019-06-22
544,Guap,2025-01-09
545,LID,2024-12-27
546,Hot Fuss,2004-01-01
547,Kaprifol,2025-01-10
548,Det sista jag behöver,2025-01-10
549,Fioletowy rok,2025-01-06
550,Muzyka współczesna,2019-09-27
551,Vai ne,2024-11-14
552,Tweaker,2025-01-03
553,Stadionai,2019-10-15
554,Mauvais Garçon,2024-11-20
555,Mieti mitä sä teet,2025-01-10
556,Lønningsdag,2025-01-10
557,Mit Ord,2025-01-10
558,Das Leben ruft,2025-01-09
559,Wie?,2025-01-10
560,Хризантеми,2022-11-12
561,CALMA,2024-05-17
562,Victoria,2024-01-05
563,Siste Dans (fra Snøsøsteren),2024-11-15
564,Niente Panico,2024-10-11
565,DIO LO SA - ATTO II,2024-11-22
566,ESCI DAL TUNNEL,2024-10-18
567,Running Sideways,2023-03-03
568,Allein da (Radio Edit),2024-12-20
569,Toyota (2016),2024-12-26
570,BE,2020-11-20
571,Сбърка адреса,2024-11-25
572,Meteora,2003-09-16
573,MTG NA IMAGINAÇÃO (TOPO SESSIONS VOL. 1),2024-09-13
574,365 Dias (Vida Mansa),2024-09-27
575,chille guy,2024-12-06
576,Maison Blanche,2024-07-19
388,Strange Trails,2015-04-07
577,Diss Music Romania,2024-10-10
578,Voyage (Part III),2024-11-08
579,Evighet (feat. Molly Hammar),2024-12-30
580,stemmene i hodet,2025-01-03
581,Amor Verdadero,2024-12-07
582,GHETTO,2025-01-07
583,Whistle,2023-06-02
584,A ló túloldalán,2022-05-20
585,Se Periptosi Pou,2024-11-08
586,Ainutlaatuinen,2025-01-02
587,De Her Timer,2024-05-31
588,Surprise,2025-01-01
99,Alleen Met Jou,2024-10-11
589,Happy - :D (Remixes),2024-11-19
590,VERA BADDIE,2024-06-27
591,Rossetto e caffè,2024-06-14
592,Golden Corner,2024-12-05
593,Viva La Vida or Death and All His Friends,2008-05-26
594,Bem-Vindo Ao Meu Mundo,2024-11-19
595,Amore Disperato,2024-09-20
596,Heading South,2019-09-30
597,Barbi Baba,2024-11-23
598,EL CLúB,2024-12-05
599,DEPORTIVO,2024-11-14
600,PIToRRO DE COCO,2024-12-26
601,Trigger,2024-11-22
602,"Пуши, пуши",2024-04-26
603,Long Way Down,2013-06-17
604,Milljón tár,2025-01-03
605,You Are,2024-11-15
606,Ceinture noire,2018-03-23
607,SE FUE,2024-12-19
608,"Luck Ra: Bzrp Music Sessions, Vol. 61",2024-12-27
609,KM 33,2024-10-18
610,Te Regalo,2024-12-04
611,PRIMERA MUSA,2024-09-20
612,Duro De Verdad pt.2,2024-09-12
613,Hm Hm Hm (Remix),2024-11-29
614,Move,2024-06-07
346,Ulitsata,2024-11-13
615,Ghettoven,2024-04-19
616,FIESTA,2025-01-03
617,Ultima Noapte,2024-12-29
618,O Próprio,2024-02-16
619,PO CO?,2024-10-02
620,Smile,2024-12-31
621,Oceaan,2024-09-28
622,Raul Ben 10,2024-10-04
623,SENZA TEMPO (feat. Izi),2025-01-03
624,F-1 Trillion,2024-08-15
625,IL LE FALLAIT,2023-10-13
626,Suutele mun silmii,2025-01-02
627,Vuosi,2025-01-03
628,Näihin hommiin ei synnytä,2024-12-27
629,El Capitano,2025-01-03
630,PROJECT⎜23,2023-10-19
631,Last night,2024-06-14
632,Stargazing,2024-05-10
633,BLACK PHONE MAFIA,2024-12-19
634,EGO THERAPY,2024-06-13
635,Inarrêtable,2024-12-06
636,Mammanpoika,2024-04-26
637,Første Dag,2023-10-13
638,I Don't Wanna Wait,2024-04-05
639,LAST CHRISTMAS,1984-11-29
640,Merry Christmas,1994-10-28
641,Крепче,2016-01-05
642,El chapo,2020-12-14
643,Ma Chérie,2024-11-29
644,Chyba że z Tobą,2024-04-04
645,Super Trouper,1980-01-01
646,Engelbewaarder,2022-09-09
647,Sugardaddy,2024-04-04
648,FLAMINGO,2024-12-13
649,ICON,2024-12-09
650,Allir Með (feat. Egill Ólafsson),2016-01-07
651,Jól og blíða,2006-01-01
652,Something in the Orange,2022-04-22
653,NINCS HOLNAP,2024-06-27
654,En Attendant Pour Le Peuple...,2024-11-06
655,Louise Attaque,1997-04-22
656,Nimeni On Dingo,1984-01-01
657,YUNO,2024-08-30
658,Anti Social Cool Kid,2024-02-15
659,Du Ligner Din Mor,2024-12-27
660,Dark Room (feat. ICEKIID),2024-05-24
661,Thank You (Not So Bad),2023-12-01
662,Stumblin' In,2023-11-10
663,Unwritten,2004-08-30
664,Новогодняя,1999-01-01
665,Prada,2023-08-11
666,DECIDE,2022-09-16
667,Regnblöta skor,2024-08-09
668,Lamborghini,2024-08-23
669,Futurama 3 (fanserwis),2024-11-21
670,Everyday Is Christmas (Deluxe Edition),2018-11-01
671,What Happens Now?,2024-02-16
672,through the valley of search,2020-02-13
673,BDLM VOL.1,2024-09-20
674,Brat and it’s completely different but also still brat,2024-10-11
675,PEEKABOO,2024-06-28
676,-10 000 AURA,2024-12-26
677,W ZWIĄZKU Z MUZYKĄ,2024-08-22
678,Freestyle,2024-10-18
679,Når Snøen Smelter (fra Tre nøtter til Askepott),2021-11-04
680,Raggarnissen,2024-11-22
681,Farewell,2024-12-06
682,Þessi Týpísku Jól,2023-11-10
683,Dream Your Life Away (Deluxe Edition),2014-08-05
684,DNA,2024-09-27
685,Accesorii,2024-12-25
686,Merry Christmas From Brenda Lee,1964-10-19
687,DIO LO SA,2024-06-07
688,FREAK,2024-12-25
689,JólaHúbbaBúbba,2024-11-26
690,Jóla hvað?,2007-01-01
112,LE NORD SE SOUVIENT,2024-09-26
691,Sirkus,2024-06-27
692,Tähtisumua,2024-10-18
693,BABA BUSINESS 3 (DELUXE),2024-12-27
694,Rest In Piss,2024-09-13
695,A Christmas Song,2024-11-29
696,in real life,2023-11-16
697,Selmas sang (fra Snøfall),2016-01-01
698,Klokkene kallar,2020-11-20
699,Have Yourself A Merry Little Christmas,2010-11-15
700,Jingle Bell Rock/Captain Santa Claus (And His Reindeer Space Patrol),1957-12-02
701,Dfyn,2024-12-07
702,Þegar Þú Blikkar (feat. Björgvin Halldórsson),2019-11-29
703,If I Should Fall from Grace with God (Expanded Edition),1988-09-05
704,Frena,2024-10-13
705,FEJLFRI,2024-12-13
706,Allstars 2024,2024-12-19
707,"Kazah ""NE""",2024-02-19
708,Tänd ett ljus,1987-01-01
709,Tommy Körberg - Julen är här,1993-01-01
710,Grinch,2024-12-24
711,Merry Christmas Everyone,1991-11-25
712,Christmas (Deluxe Special Edition),2011-10-24
713,Kto Wie?,2013-02-01
714,Dzień jeden w roku,1976-01-07
715,A Winter Romance,1959-01-01
716,Santa Tell Me,2014-11-24
717,"Dancing with Strangers (Deluxe Edition, 2019 Remaster)",1987-08-02
718,Home for Christmas,2010-09-05
719,Hey Ho (Original Versjon),2015-11-01
720,The Andy Williams Christmas Album,1963-11-24
721,Wrapped In Red,2013-10-25
722,My Name Is José Feliciano,2001-01-01
723,Sleigh Ride,2020-12-04
724,McCartney II (Special Edition),1980-05-16
725,Do They Know It’s Christmas?,1984-11-25
726,The Works (Deluxe Edition 2011 Remaster),1984-02-27
727,Signature Box,2010-10-05
728,The Classic Christmas Album,1945-01-01
720,The Andy Williams Christmas Album,1963-01-01
729,Jólasjór,2023-11-17
730,Jólagestir 3,1995-01-01
731,Nú stendur mikið til,2010-01-01
721,Wrapped In Red,2013-10-29
732,Feliz Navidad,2002-09-24
733,The Nat King Cole Story,1961-09-25
734,Caribou (Remastered 1995),1974-06-28
735,Et Barn Af Jul,2019-11-15
736,Julehjertets Hemmelighed,2022-11-11
737,Verden Ka' Vente,2015-11-06
738,Midt I En Drøm Eller Noget Der Ligner,2019-11-08
739,Tidsrejsen,2014-11-07
740,Under The Mistletoe (Deluxe Edition),2011-01-01
741,I En Stjerneregn Af Sne (Fra julekalenderen 'Tvillingerne og Julemanden'),2013-11-11
742,Ready To Fly,2001-01-01
743,+-=÷× (Tour Collection),2024-09-27
744,Christmas EP,2019-11-15
745,A Pentatonix Christmas Deluxe,2017-12-06
746,Vánoce Na Míru,2017-11-03
747,Život IMT Smile 1998-2020,2020-06-15
748,Hey Ho,2015-11-01
749,Coraz Bliżej Święta,2015-11-03
750,Cała jesteś w skowronkach,1969-06-17
751,Home Alone (Original Motion Picture Soundtrack),1990-01-01
752,Spotify Singles Holiday,2023-11-14
753,Greatest Christmas Songs,1999-08-20
754,Run Rudolph Run - Spotify Singles Holiday,2024-10-15
755,Jólagestir Björgvins: Vinsælustu lögin 1987-2014,2015-01-01
756,Ég kem með jólin til þín,2020-11-26
757,Jólaland,2019-12-02
758,"Santa Claus Is Comin' to Town (Live at C.W. Post College, Greenvale, NY - December 1975)",1981-01-01
759,"Christmas (Baby, Please Come Home)",2020-12-04
760,Joulun kanssas jaan (feat. Cantores Minores),2017-11-30
761,Tulkoon joulu,2009-11-06
762,Sydämeeni joulun teen,1988-01-01
763,Todo Es Posible En Navidad,2024-11-15
764,LYKE MIIKE,2024-12-24
765,My Only Wish (This Year),2000-11-14
766,Dobrý Časy,2012-04-27
767,Halywůd,2021-10-08
768,Vánoční (feat. Teri Blitzen),2022-04-24
769,Under The Mistletoe,2011-01-01
770,The Works (Deluxe Remastered Version),1984-02-27
771,Персонажі,2022-02-26
772,hiSTORY,2016-10-14
773,Lojzo IV,1991-01-01
774,Stastne a Vesele - Ep,2015-12-10
775,Ve jménu lásky,1998-11-16
776,"Hity Vánočn, Vol. 1",2007-10-31
777,12× Marie Rottrová,1985-01-01
778,Hudba Není Zlá,1973-01-01
779,Över tid och rum,1984-01-01
780,Välkommen hem,2010-11-12
781,"Marut, Margaritar",2016-12-07
782,Sub Fereastra La Om Bun,2020-12-11
783,Kolędy,2020-12-04
784,Home For Christmas,2010-09-07
785,Komdu um jólin,2002-01-01
786,Bestu jólalög Björgvins,1999-01-01
787,A Brenda Lee Christmas,1991-01-01
788,Christmas Is Back in Town,2015-12-04
789,Kaikki joululaulut,2024-11-15
790,Minun Jouluni,2005-11-14
791,Hiljaisuudessa 2006,2006-10-30
792,Terra,2013-10-04
793,Ya es Navidad: Nuevos Villancicos,2010-12-14
794,Let Love Be Love (feat. Remee),1999-11-30
795,A Pentatonix Christmas,2016-10-21
796,"Vánoční koledy, Vol. 1 (Pokoj lidem dobré vůle)",2013-11-04
797,Особистий рай,2024-08-16
732,Feliz Navidad,2006-01-01
798,Jól í góðu lagi,1984-01-01
799,capaz (merengueton),2024-11-20
800,Tengo Un Pensamiento,2024-12-19
801,Let Love Be Love,1999-09-26
802,Milióóóny Přání,2018-12-19
803,Sliby Se Maj Plnit O Vánocích (20 Let),2011-01-01
804,Anděl v blbým věku (Best of 2008-2019),2019-10-23
805,Открой мне сердце,2011-04-01
806,Samling 81-96,2017-03-24
807,True North 4,2024-12-20
808,Laska,2012-01-01
809,White Christmas,1945-01-01
810,RUSIA,2024-12-06
811,Christmas in the air,2024-10-13
812,Ia-ma Du-ma,2023-08-04
813,600PK,2024-12-19
814,Pacemaker,2024-11-05
815,Otra Dimension,2024-12-06
816,Containers,2024-10-10
817,Milano Demons,2022-11-25
818,Private Suite (Vol. 2),2024-12-13
819,больно,2024-05-17
820,LUCIFER,2024-05-24
821,Na ostatnią chwilę,2024-12-04
822,Trójkąt Warszawski (2024 Remaster),2024-12-18
348,Tu Quizas,2024-04-29
811,Christmas in the air,2024-10-14
823,Milijonai galimybių,2024-12-19
824,Milano Angels,2024-09-06
825,EYE OF THE TIGER,2024-10-03
826,JVLIVS III : Ad Finem,2024-12-06
827,HOP,2024-12-13
828,Madam,2024-12-13
829,ANIMALISTISCH,2024-12-12
830,Maa ilman vettä,2024-12-12
831,Viimeinen kuulutus,2024-12-06
832,TRES CREUS,2024-12-18
833,20 Danske Jule Hits,2010-11-26
834,Ретро рейв,2024-10-18
835,Ține-te bine,2024-08-07
836,Bênção,2024-03-01
837,Menace fantôme,2024-11-29
838,Haloo,2024-12-12
839,DHURATA,2023-03-02
840,Амальгама,2024-11-01
841,Меньше чем три,2024-11-22
842,Ти и Аз,2024-12-14
843,Carmen,2024-11-29
844,Pre Dni,2024-12-12
845,Won't Stop,2024-06-17
846,Madagascar Battle Music,2024-09-16
847,COLDA THAN E$kIMO$,2024-11-22
848,Vorias,2024-06-14
849,Suka from Arizona,2024-06-21
850,(не) уходи,2024-09-20
851,Паросток,2024-11-08
852,Þegar Jólin Koma,2024-12-01
853,Pes Mou Esy,2024-12-13
854,Мама миа,2024-05-02
855,На глибині,2024-12-12
856,Jul & Lucia med Adolf Fredriks Musikklasser,2022-11-30
857,Jul med Adolf Fredriks,1989-10-27
858,Dirty Sprite,2024-12-13
859,Quem És Tu?,2024-12-11
860,Jul i svingen,2006-01-01
861,CASA GOSPEL,2024-12-13
862,Jouluks kotiin,2024-12-13
863,sätkynukkekoti (live),2024-12-13
864,S&S,2024-11-29
865,CON I MIEI OCCHI,2024-10-25
866,külm,2024-12-06
867,Layover,2023-08-11
13,Good Girl Gone Bad: Reloaded,2007-03-31
868,GNX,2024-11-21
869,TURTAS,2024-12-09
870,Mažas rūpintojėlis,2024-12-08
871,Kettesben,2024-11-23
872,ma ei tea sind,2024-12-07
873,Südamelt ära,2024-11-22
874,É Que Eu Sofri Demais,2023-08-29
875,Blessed Vol. 2 (Ao Vivo),2024-11-14
876,Arrocha Safadão,2024-09-06
877,Alt Je Ønsker,2024-12-05
878,AHTI,2024-09-27
879,Небо,2022-01-30
880,Jag kommer hem igen till jul,2019-11-08
881,Ser du månen där du är ikväll? (Tillsammans igen),2020-12-04
882,"Calin Georgescu, Pericol Pentru Democratie",2024-11-29
883,Opa Opa,2024-12-04
884,Signal,2024-12-04
885,Guld Jul,2016-11-25
886,Happy Vibes,2024-06-27
887,hermaeus mora,2024-08-02
888,APT.,2024-10-18
889,Pod vodou,2024-11-17
890,Ma Meilleure Ennemie (from the series Arcane League of Legends),2024-11-23
891,hellstar,2024-11-20
892,MULALA,2024-11-29
893,Vaag (REMIX),2024-10-04
868,GNX,2024-11-22
894,Stillborn-distopia Symphony,2014-05-04
895,Islanda,2024-11-15
896,MAI PIÙ FORSE,2024-11-08
897,CALMOCOBRA,2024-10-17
898,Romantico Ma Muori,2024-09-13
899,Milliók,2024-11-29
900,Wicked: The Soundtrack,2024-11-22
901,Monaco,2024-07-11
902,GOAT,2024-10-25
903,La pluie,2024-11-28
904,Katujen Ääni,2024-11-29
905,2AM,2024-11-22
906,Soltera,2024-09-25
907,Mrasnica,2024-10-10
1,Врубай,2024-10-31
908,Trpezlivosť,2024-11-24
909,Lonely,2024-11-24
910,YEMAYA,2024-11-15
911,The Singles: Echoes from the Edge of Heaven,2023-07-07
912,Ole Dole Doff,2024-10-11
913,Vanilj,2024-09-13
914,Malvadinho,2024-11-01
915,DOLCE VITA,2024-10-28
916,KSZTAŁT MIŁOŚCI,2024-11-21
917,MONOPOL,2024-10-27
918,młody gandolfini,2024-11-13
919,taki mały ja,2024-08-23
920,PROBATION,2024-11-08
921,Ora che non ho più te,2024-09-23
123,LOCURA,2024-09-19
435,ASTRO,2024-10-04
922,Presenting Bobby Helms,1955-12-08
923,BANDANA,2024-07-31
924,Mesanyxta,2024-11-07
925,Once In A Lifetime,2024-11-22
926,To Viografiko,2024-11-14
927,"Un jour, je l'aurai",2024-11-15
928,Passe ton chemin,2024-06-14
929,EK2,2024-11-22
930,Kaikki päättyy kyyneliin,2024-11-22
931,Ihan vähän sua,2024-11-22
932,Niin kuin sä,2024-11-21
933,Goat Talk,2024-11-22
934,In a minute,2024-11-20
935,money,2024-11-22
936,MURAKAMI,2024-11-08
937,Mittelmeer,2024-11-22
938,Fliegen,2024-11-22
939,Follow You,2024-11-08
940,Магазин игрушек для взрослых,2019-09-13
941,Бережи мене,2023-09-22
942,Amor De Ganga,2024-10-22
943,Diamond,2024-11-22
944,Party,2024-10-04
945,SZÍVTIPRÓ,2024-06-20
329,G.T.K.,2024-11-21
946,Diana (with Hamza),2024-11-13
947,Nouvelle École | Saison 3 | Partie 1 (Série Netflix),2024-07-05
948,Jesus & Josefine,2003-11-24
867,Layover,2023-09-08
949,Siromah,2024-10-16
950,California,2015-04-15
951,Focus,2024-11-22
952,FIM DA NOITE,2024-11-22
953,O Teu Cheiro,2024-10-11
954,Emmas jul,2024-11-22
955,Shake (Nesbrutality),2024-11-14
956,Dat Is Het Leven,2024-09-05
957,Pirms vētras būs klusums,2024-09-17
958,Lettera Q,2024-11-22
959,SÍRTÁNC,2024-11-22
960,I'M SORRY,2024-09-25
961,Mauvais garçon,2024-11-20
962,Päähenkilö,2024-11-22
545,LID,2024-09-27
963,"Amo, Amo",2024-07-05
964,Beautiful Temptation,2023-07-28
965,MAI PER SEMPRE,2024-11-20
966,Stórasta plata í heimi,2024-10-18
967,Torz,2024-04-16
968,Nekem ez a fless,2024-11-09
969,Book of ra,2024-09-29
970,SA POULIA STON AERA,2024-11-14
971,PIRATES,2024-11-14
972,PASARELA,2024-11-19
973,Pääs Kii,2024-11-15
974,Sanansaattaja,2024-11-15
975,AMERI,2024-10-31
976,+57,2024-11-08
977,LA PANTERA NEGRA,2024-08-22
978,Ohnana,2024-06-06
979,DURO,2024-10-31
980,La Jauría,2024-10-25
981,LAK,2024-11-15
982,БЛОК 5,2024-06-17
983,Я тобі брехала,2024-02-13
984,MADONNA,2024-09-05
985,5 Sterren,2024-11-15
986,Troleibusas,2024-11-15
987,Tutti i Nomi del Diavolo,2024-11-01
988,BEINT UPP,2024-11-20
989,Lebron,2024-10-08
990,Rabanne,2024-09-26
991,H MASKA,2023-12-07
992,Ceinture Noire,2018-03-26
993,UWAIE,2024-08-15
994,Qué Pecao,2024-10-03
995,Har Hørt Dig,2024-10-11
996,Obsesion,2024-11-15
997,Po belyo,2024-08-28
998,Choć nie widać na zewnątrz,2024-11-14
999,Dziewczyna Pop,2023-10-20
1000,LALE,2024-09-19
1001,Üksi limusiinis,2024-11-15
1002,CLEOPATRA,2024-09-26
1003,BOLSHIE KURTKI,2024-11-15
1004,Fitta och kebab,2024-02-23
1005,Love Somebody,2024-10-18
1006,Labākās roka balādes,2014-04-03
1007,Dziesmu svētki 2013,2013-05-29
1008,#Sarkanbaltsarkanais,2019-11-13
1009,Spogulis,2014-10-29
1010,Bohēmas Dienasgrāmata,2024-03-20
1011,Lidojam tik augstu,2024-08-21
1012,FERITE (Deluxe Edition),2024-11-15
1013,Floni 3,2024-10-25
1014,2 hands,2024-11-14
1015,Lobby,2024-11-02
1016,People Watching,2024-11-15
1017,Ta druga,2024-11-15
1018,Himmel på jord,2024-11-15
1019,Bro Code,2024-10-25
1020,AVATARIAN,2024-09-22
1021,KOINO MYSTIKO,2024-09-25
1022,Bad Boy 2,2024-07-12
1023,15,2022-05-27
1024,Santa,2024-04-03
1025,Romani,2024-11-12
1026,Calma Amor,2024-03-30
1027,Sika Asem,2024-10-25
1028,ÉG Á MÓTI MÉR,2024-11-08
1029,BANNANI,2024-10-20
1030,LA REINA,2024-06-13
1031,Ololufe,2024-10-14
1032,mesimagus,2024-10-29
1033,Bauch Beine Po,2024-07-25
1034,Hold On Me,2024-11-15
1035,Falling,2024-07-05
1036,Alli Mia Fora,2024-08-09
1037,Sadekehä,2024-11-15
1038,kuruta,2024-06-18
1039,BBB,2024-11-14
1040,NUR FÜR DICH 2 (Deluxe),2024-11-15
1041,070 Shake,2024-11-15
1042,The Emptiness Machine,2024-09-05
1043,Two Faced,2024-11-13
1044,I Might,2024-08-30
1045,HOLD UP,2024-10-25
1046,Aiko,2024-08-30
1047,paradyse,2024-11-08
1048,Zoë Kravitz,2024-10-25
1049,Run It Up,2024-10-11
1050,Ambassadør,2024-10-25
1051,PINK SUMMER,2024-07-19
1005,Love Somebody,2024-02-21
1052,Win win,2024-11-08
1053,TENEBRIS,2024-08-30
1054,Capitaine fait de l'art,2024-07-19
1055,Alibi (with Pabllo Vittar & Yseult),2024-06-28
1056,BOSSMAN,2024-10-18
1057,Dead Presidents,2024-10-11
1058,Vacile,2022-09-30
1059,THE WORLD IS YOURS,2024-10-11
1060,Heavy Is the Crown,2024-09-24
1061,It Girl (feat. Sampagne),2024-10-24
1062,Manchmal,2024-11-08
1063,zitraks mode,2024-11-08
1064,S nervite sam zle,2024-11-12
1065,Pismo,2024-11-07
1066,MANDELA,2024-11-08
1067,Fine Wine In Italy,2024-11-08
1068,Ik Wil Dat Je Liegt,2024-05-23
1069,Flower Boy,2017-07-21
1070,Vradia,2024-06-06
1071,HDL,2024-10-18
1072,GIANT,2024-11-13
1073,Burzi Pari,2024-10-30
1074,MAMØNT3NOK,2024-11-08
1075,PERO NO TE ENAMORES,2024-07-25
1076,wszystkie noce są samotne,2024-11-08
1077,CHROMAKOPIA,2024-10-28
1078,GET LOVED OR DIE TRYIN',2024-08-15
1079,Boucan (feat. Franglish),2024-04-25
1080,Muutos,2024-11-08
1081,Kiki,2024-11-08
1082,WIFI,2024-10-25
142,The Secret of Us,2024-06-20
1083,Fernw Trap,2024-11-08
1084,VEMPA,2024-04-19
1085,Dokato sartseto bie,2012-01-01
1086,MTG QUEM NÃO QUER SOU EU,2024-05-10
1087,Woda Księżycowa,2024-03-22
1088,Industry Plant,2024-09-20
1089,SUPER,2023-10-10
1090,Melodramos,2023-10-18
1091,Feeling,2024-11-07
1092,Khaleel,2024-09-25
1093,EL COMIENZO,2024-08-09
1094,Pro štěstí,2024-10-31
1095,Cigarettes After Sex,2017-06-09
1096,É o Grelo,2024-07-19
1097,B012,2024-03-27
1098,AYT,2024-09-27
1099,Sigg,2024-07-19
1100,Kaip Man Atmylėt Tave,2024-10-01
1101,DINE VENNER,2024-10-11
1102,DÖ,2024-11-08
1103,Mati EP,2024-10-19
1104,Dansvloerkiller,2024-11-07
1105,Heel De Nacht Alleen,2024-11-07
1106,Certe bugie,2024-11-08
1107,Takk fyrir allt,2024-11-08
1108,Sanon sen nyt ääneen,2024-11-08
1109,kesköö paiku,2024-11-08
1110,Kærlighed,2024-11-08
1111,Wenn du mich siehst,2024-11-08
1112,Tagebuch,2024-11-08
1113,NÜCHTERN,2024-11-08
1114,Amo aller Amos,2024-11-06
1115,Balada,2024-11-08
1116,Interestelar,2024-11-04
1117,IT WILL HURT BOTH WAYS,2024-06-14
1118,In Blanco,2024-10-25
1119,Sådan Det Er,2024-10-18
1120,Feel You Now,2024-09-27
1121,When I Cry,2024-10-25
1122,MEGAN: ACT II,2024-10-25
1123,SEXERO,2024-02-21
1124,MELLEM HIMMEL & JORD,2024-02-02
1125,GAMEBOY,2024-10-30
1126,H&K,2024-05-24
1127,Bossbaby Tape,2024-02-23
1128,SPEKTRUM,2024-09-20
1129,Uprostřed Oceánu,2024-11-01
1130,No Sleep Gang / Get Low,2024-07-12
1131,Detektor III,2023-02-20
1132,кончил,2024-04-02
1133,Хамелеон,2023-09-20
1134,Моята принцеса,2024-07-19
1135,Moonlit Floor (Kiss Me),2024-10-03
1136,FUNK DO BOUNCE (Slowed),2024-08-30
1137,HARDSTONE PSYCHO,2024-06-14
1138,Vanilla,2024-08-30
1139,Geschlossene Augen,2024-10-10
1140,Бриллианты,2024-10-11
1141,Молитвы. Анекдоты. Тосты.,2024-05-24
1142,Moy Si Merak,2024-04-30
1143,OG,2020-05-03
1144,Scared To Start,2024-01-12
1145,Imagine,2024-05-03
1146,Celine (with Kidd Keo),2023-07-07
1147,Tu Cuerpo Pide Baile,2024-01-22
1148,When It Rains Again (feat. Anabel),2024-10-25
1149,Hånd I Hanske (Brottsmann),2024-10-03
1150,Alltaf Sami Lui,2024-11-01
1151,COLOMBIA,2024-11-04
1152,Eforia,2024-10-19
1153,CHROME,2024-10-31
1154,HOTEL MALIGNO,2024-10-17
1155,Embrace It,2024-08-23
1156,Fri,2024-11-01
1157,I Can't Do This,2024-10-19
1158,Sou Baiana,2024-07-22
1159,La luna,2024-10-31
1160,DJ MøMø presenterer: Bukkene Bruse på badeland,2023-12-15
1161,UTOPIA,2023-07-28
1162,No Has Cambiado,2024-10-03
1163,Letná,2024-05-24
1164,OTKACHALKI,2024-08-02
1165,Pink Velvet Theatre,2024-10-25
1166,"dear mama, get well soon.",2024-10-25
1167,Amor En Ruinas,2024-02-29
1168,Alltaf sami Lui,2024-11-01
1169,FOUR (Deluxe),2014-11-17
1170,Quién es Dei V?,2024-06-14
1171,Mu vend on lesbi,2024-07-31
1172,Hoodie Hoodie,2024-10-24
1173,Caroline,2024-11-01
1174,Big Steppa,2024-11-01
1175,F*en Ikke Kjendis,2024-11-01
1176,Ik Haat Hem Voor Jou,2024-08-29
1177,Badabim,2024-06-23
1178,Vernisāža,2024-11-01
1179,Year Two,2024-10-31
1180,Stigmates,2024-10-30
1181,People's Champion,2024-11-01
1182,delusional,2024-11-01
1183,11,2024-10-31
1184,klepto,2024-09-25
1185,40 Tage,2024-10-21
1186,NUR FÜR DICH 2,2024-10-25
1187,SWAG SIDE STORY,2024-10-20
1188,713 až na věky,2024-10-31
1189,THE BEST,2024-05-27
1190,Disease,2024-10-25
1191,The Nightmare Before Christmas,1993-01-01
1192,Voila,2024-07-05
1193,Greatest Hits,1990-01-01
1194,The Sound of Silence (CYRIL Remix),2024-02-02
1195,Thriller,1982-11-30
1196,The Original Monster Mash,1962-01-01
1197,Donna,2024-10-24
1198,Pehli Baar | Aizaz,2024-10-18
1199,Heart,2024-10-27
1200,The Nightmare Before Christmas (Original Motion Picture Soundtrack),1993-10-12
1193,Greatest Hits,1993-10-12
1201,HALLOWEEN I,2024-10-31
1202,Somebody’s Watching Me (Sped Up),2023-09-22
1203,Halloween Howls: Fun & Scary Music (Deluxe Edition),2019-10-18
1204,Diet Pepsi,2024-08-09
1205,Number Ones,1979-01-01
1206,CARPE DIEM,2023-07-21
1207,Monaxiki Kardia,2024-05-27
1208,Löytää mut,2024-08-29
1209,Luotathan,2024-05-30
1210,Timanttei,2024-01-04
1211,WHITEBOY,2024-06-14
1212,thank you for all the support,2024-09-13
1213,Vaarallinen Nainen,2024-07-12
1214,ATE,2024-07-19
693,BABA BUSINESS 3 (DELUXE),2024-10-18
1215,7,2024-10-10
1216,Het Midden,2024-10-10
1217,tak niewiele brakowało,2024-10-24
1218,Pastovi,2024-10-29
1219,Nouvelle École | Saison 3 | La Finale (Série Netflix),2024-07-22
1220,Miten sut mielest poistetaan,2024-10-25
1221,Over Each Other,2024-10-24
1222,Lodewijk,2024-10-18
1223,Lost Time,2024-10-21
1224,Vou de 99 Pop,2024-10-24
1225,Midnight Memories (Deluxe),2013-11-25
1226,Pyramide 2,2024-10-18
1227,Riittämätön (feat. Tomi Saario),2024-10-04
1228,Kiire (Vain elämää kausi 15),2024-10-11
1229,Sortedam,2024-10-25
1230,früher sterben,2024-10-24
1231,светлая сторона,2024-10-11
1232,Noid,2024-10-21
1233,FANTA,2024-08-28
1234,FERXXOCALIPSIS,2023-12-01
1235,Можно я с тобой,2022-07-06
1236,8 марабу,2022-12-16
1237,Paradise,2024-09-20
1238,Nebunia lui Babasha,2024-03-01
1239,Atmosfera,2024-10-24
1240,Kaçamadım,2022-03-18
1241,Ilmaa,2024-10-25
1242,berq,2024-10-24
1243,Kures Drill,2023-08-18
1244,RĂGUȘIT,2024-09-27
1245,Not Guilty,2024-10-25
1246,Poco a Poco,2024-10-25
1247,Noriu Šokt,2024-09-13
1248,,2024-10-25
1249,Асфальт,2024-06-21
1250,WE LIVE ONLY ONCE,2024-08-09
1251,GALENAXX,2024-06-20
1252,Обиратиму себе,2024-09-27
1253,PSG,2024-09-27
1254,333,2024-09-09
1255,Ingen andre (feat. Chris Holsten),2024-10-25
1256,Modeshow,2024-10-04
1257,FERITE,2024-05-03
1258,trampoliino,2024-10-18
1259,poslední song,2024-10-24
1260,Вятъра,2024-10-21
1261,Pardon,2024-10-03
1262,SOBOTA WIECZÓR,2024-06-20
1263,Ona Mówi,2024-08-07
1264,Desire,2024-07-10
1265,Per due come noi,2024-09-06
1266,Devastante,2024-03-08
1267,Andvaka,2024-08-01
1268,Hallelujah,2024-08-29
1269,Ylpee,2024-09-27
1270,Me has invitado a bailar,2024-08-23
1271,Ik Tænk,2024-09-27
1272,Blanco,2024-10-18
1273,Hvilepuls,2024-10-17
1274,No Police (Road Clear) [Sped Up],2023-08-29
1275,Última Noite,2024-09-12
1276,Big Moves (Vol. 5),2024-10-22
1277,Tässä talossa (Vain elämää kausi 15),2024-10-18
1278,Havana,2024-06-17
1279,Moonlit Floor,2024-10-03
1280,Sorry Not Sorry,2024-10-22
1281,Faz Bem,2024-01-19
1282,Feeling My Mind,2024-09-07
1283,BOETRY 2024,2024-08-01
1284,FC BEAUDOTTES,2024-10-21
1285,Häitä pidelly,2024-05-30
1286,SAKURA,2024-04-26
1287,SAHBI,2024-07-19
1288,Signaler,2024-08-30
1289,King of GerMMAny,2024-10-17
1290,Daddy is back,2024-10-11
1291,BlimE! - Ferdig Snakka,2024-06-14
1292,Myötävirta (feat. Kojo & Shabu),2024-10-18
1293,MAVRO,2024-09-07
1294,Hate Love,2017-04-08
1295,Inima sau Banii,2024-08-12
1296,Vagabundo de Luxo,2024-07-10
1297,Clack Bum,2024-06-28
1298,Talk My Shit,2024-09-13
1299,Envergado,2024-02-15
1300,reminisce,2024-10-17
1301,Milana,2008-10-22
1302,Trap,2024-06-27
1303,HABIBI,2024-07-08
1304,BACKBONE,2024-08-08
1305,Depuis le temps - Part. 2,2024-06-21
1306,Täydellinen ex,2024-09-26
1307,In kom en ängel,2024-10-18
1308,LYFESTYLE,2024-10-18
1309,Sto tysięcy razy,2024-10-10
1310,Noc Aniołów,2024-08-01
1311,Heidi,2024-10-18
1312,Gesmolten Banden,2024-10-17
1313,I Need Your Love,2024-10-17
1314,CLONE (Ao Vivo),2024-08-22
1315,Encore,2024-10-18
1316,Tuulien teitä,2024-10-18
1317,TIDEN GÅR,2024-10-18
1156,Fri,2024-10-18
1318,Doktor,2024-10-18
1319,FÜR ALLE BLOCKS,2024-10-18
1320,WATCH THE BODY DROP,2024-10-18
1321,17,2017-08-25
1322,GHETTO ROMANTIKA,2024-10-10
1323,Narcos,2024-05-31
1324,mamaididit,2023-10-20
1325,prvotriedna dráma,2024-09-13
1326,… men det gör jag egentligen,2024-08-30
1327,Afro Fado,2023-11-24
1328,UNA BOKA,2024-10-17
1329,Gemmér Gemmér,2024-07-19
1330,þú ert löngu búin að fokka þessu upp,2024-10-16
1331,Carré,2023-03-09
1332,Goteras,2024-06-27
1333,EUROPA (feat. Gobs),2024-10-11
1334,7 LEERE ZIMMER (feat. Henning May),2024-10-10
1335,Rapstar,2024-09-04
1336,FTW,2024-09-13
1337,RATT#WHORE,2024-10-11
1338,Dale Baby,2024-04-17
1339,Thick Of It (feat. Trippie Redd) / Low,2024-10-03
1340,fwb,2024-07-19
1341,Black Jesus,2024-06-12
1342,Trelos,2024-10-03
1343,AD VITAM ÆTERNAM,2024-02-08
1344,2000,2023-03-17
1345,Versions of Me,2022-04-12
1346,Veronika,2024-10-09
1347,Песен за нея,2024-10-08
1348,Zirkusprinz,2024-10-04
1349,KEEP UP // FROSTBITE,2024-07-17
1350,Wanderland,2024-08-22
1351,Slow Down,2024-08-23
1352,POIOTHTA,2024-10-14
1353,MJ,2024-09-12
1354,911,2024-06-21
1355,Leylas World,2021-02-25
1356,when my heart was mine (EP),2024-10-04
1357,SISS,2024-09-01
1358,Nightcall,2024-09-20
1359,Besitos BB 2.0,2024-10-09
1360,4 LIFE,2024-09-06
1361,NEBEL,2024-10-11
1362,Unter den Linden (feat. Pashanim),2024-10-10
1363,1 милион,2024-07-01
1364,"Livet, döden, skiten däremellan",2024-10-11
1365,PG$,2024-03-07
1366,Risa Tilkynning,2024-05-08
1367,Sex = Money,2024-10-11
1368,näätsä mut?,2024-10-11
1369,Min Bror,2024-10-11
1370,"Tam słońce, gdzie my",2024-06-13
1371,PBT 2.0,2024-05-24
1372,"Til í allt, Pt. III",2024-06-14
1373,BAD,2024-10-10
1374,Sliby & Lži,2013-09-27
1375,The Eminem Show,2002-05-26
1376,HBB,2024-10-11
1377,Välkommen ner,2024-04-10
1378,Molotov,2024-05-10
1379,SEPPUKU,2024-10-10
1380,Ter Zake,2024-10-11
1381,SUPER DUPER,2024-10-11
1382,YIBBY HELL YEAH (Maggi Borða),2024-10-07
1383,Ocean Drive,2024-10-09
1384,NOIDANKEHÄ,2024-10-11
1385,Toista sua,2024-10-11
1386,FÜR IMMER,2024-10-11
1387,pass auf mein herz auf,2024-10-10
1388,04970409,2016-07-12
1389,Guess featuring Billie Eilish,2024-08-01
1390,Bejšíí,2023-11-10
1391,Reflexo,2016-05-26
1392,Ich sage dir heute,2024-09-05
1393,Buteco in Boston (Ao Vivo),2021-12-16
1394,STORIE BREVI,2024-06-04
649,ICON,2024-05-22
1395,Ao Vivo Em Brasília (Ao Vivo / Vol.1),2024-05-31
1396,Miten ihmiset löytää toisiaan (feat. Överi),2024-09-13
1397,Suomalainen Superstara,2024-08-16
1398,FRIKI,2024-04-18
1399,Picasso,2024-09-25
1400,BELOHNEN,2024-10-04
1401,1997 Mixtape,2014-04-09
1402,Sickology,2016-04-19
1403,Chupito Mixtape,2017-12-19
1404,Creola,2024-06-17
1405,Frevo em Prelúdio,2024-01-04
1406,1 na 100,2024-07-11
1407,Stadi (Alicia),2024-06-13
1408,Dopamin,2024-02-16
1409,Let's Go,2024-09-06
1410,Rick Ross Pt. 2,2024-09-11
1411,CUP,2024-08-23
1412,Moonlight Dreams,2024-09-20
1413,Дай Мне Шанс,2023-04-26
1414,I GOT U,2024-06-07
1415,unholy,2024-09-20
1416,Gegužis,2024-05-15
1417,Carvajal,2024-06-20
1418,Martini Porn Star,2024-07-26
1419,"Vorba Francezului (From ""Buzz House"" The Movie)",2024-04-12
1420,Escândalo Íntimo,2024-05-28
1421,Žaliai balti dievai,2024-10-02
1422,Coco,2024-07-12
1423,VENI VIDI VICI,2024-06-14
1424,LVEU: VIVE LA TUYA...NO LA MIA,2023-09-18
1425,we fell in love in october / October Passed Me By,2018-11-21
1426,Glückskind,2023-04-27
1427,Медленно,2024-09-16
1428,Småstadsdrömmar,2024-09-13
1429,Bærum Bitches (Mannschaft),2024-02-15
1430,KUNG FU,2024-09-13
1431,STJÖRNUSTÆLAR,2024-10-04
1432,Dice,2024-09-13
1433,v gastru nejsou lidi,2024-09-13
1434,Hur ska jag sova inatt,2024-10-04
1435,Moon Music,2024-10-04
1436,DI CAPRIO (feat. Niky Savage),2024-09-13
1437,Kuivaa kyyneleet,2024-10-04
1438,Lainasydän,2024-10-04
1439,En tunne mitään,2024-10-03
1440,Iskelmää,2024-10-03
1441,X'CLUSIVO (REMIX),2024-02-29
1442,Filthy Dog,2024-10-03
1443,Es tut mir leid,2024-10-04
1444,Heavy Metal 2,2024-09-13
1445,Multisport,2024-07-19
1446,PLEŚŃ,2020-12-04
1447,Chin Chin,2024-09-19
1448,ZK Central End of the Year,2019-12-18
1449,ALLUCINAZIONE COLLETTIVA,2024-09-21
1450,Overdrive,2024-07-19
1451,GUZMAN,2024-09-09
1452,Aucune attache,2024-02-02
1453,Yötön yö,2024-09-13
1454,HEAVY,2024-10-01
1455,AK47,2024-09-17
1456,Lekker eigenwijs,2024-09-13
1457,CASABLANCA,2024-07-25
1458,GOTTI A,2024-07-04
1459,Hoy,2024-05-22
1354,911,2024-07-03
1460,NO POLICE (Remix),2024-05-31
1461,Jézus kérlek hívjál fel,2024-09-28
1462,LOGIA,2024-09-26
1463,Unlock It,2024-09-17
1464,Meer,2024-09-06
1465,Закъсня,2024-09-30
1466,INSPIRE,2024-04-12
1467,Come and dance with me,2024-07-06
1468,Romanzo Criminale,2024-07-05
1469,"Rakasta mua, rakasta mua, rakasta",2024-09-06
1470,HABLAME CLARO,2024-09-12
1471,Omega (feat. Ralphie Choo),2024-09-24
1472,RED CUPS (feat. Paula Hartmann),2024-09-19
1473,SUNETE 2,2023-06-23
1474,do.mar,2023-12-01
1475,Parachutes,2000-07-10
1476,memento,2023-05-01
1477,Hablame Claro,2024-09-12
1478,Ma Bella,2024-09-19
1479,Big Dawgs,2024-07-09
1480,BABYSHARK,2024-08-29
1481,RELUARI/REVENGE,2024-09-10
1482,Stars Will Align,2024-09-27
1483,Balti Sparnai,2024-09-18
1484,Cerchio,2024-09-27
1485,TUNNEL,2024-01-05
1486,Ja chudail (Afro Mix),2023-06-02
1487,I Miss You,2019-10-08
1488,An Apopse Figo (Night Rider Edit),2024-09-27
1489,Grace Kelly,2024-09-27
1490,Makaveli,2024-09-26
1491,Myynnissä,2024-09-27
1492,gesicht verlieren,2024-09-27
1493,NEIN,2024-09-26
1494,Скучаю по тебе,2024-09-27
1495,Subhanallah,2024-09-20
1496,Habibi,2024-04-08
1497,Espresso,2024-04-12
1498,Please Please Please,2024-06-06
1499,Burning Down,2024-09-20
1500,Utested,2024-06-07
1501,Carry You Home,2024-05-31
1502,AIORA,2024-07-30
1503,L'Étrange Histoire de Mr.Anderson,2021-07-16
1504,Ärsyttävä,2024-09-06
1505,En sitä tarkoittanut,2024-05-23
1506,ALL RED,2024-09-13
1507,aç bleiben,2024-09-19
1508,MYLOOOVE,2024-09-20
1509,А я все плакала,2024-04-18
1510,Bun Venit Acasa (Deluxe),2024-07-06
1511,Imad,2024-05-24
1512,1994,2024-09-19
1513,NO POLICE (Road Clear),2023-05-19
1514,Dead Now,2021-02-18
1515,Hakayet,2023-11-20
1516,Tu Silueta,2024-07-12
1517,Ich bring dir keine Blumen,2024-09-20
1518,Up (Instrumental),2021-02-04
1519,It's ok I'm ok,2024-09-12
1520,RUN BABY,2023-10-20
1521,Bad Boyz 4 L,2024-09-17
1522,One Love,2024-08-02
1523,CARITA TRISTE,2024-08-30
1524,Wait For It,2023-07-28
1525,Leave It - Solven Remix,2024-09-13
1526,PANE BOŽE DOMINIKA,2024-09-13
1527,A bús barista balladái,2023-11-16
1528,HAY LUPITA,2024-03-28
1529,Men Si Tarsil,2009-10-04
1530,Look Who's Laughing Now,2024-06-14
1531,Burj Khalifa,2024-02-08
1532,Hasart,2024-09-17
1533,Луда по тебе,1999-01-01
1534,К'ъв съм як,2023-07-29
1535,MIXTAPE PLUTO,2024-09-20
1536,"zostań, proszę",2024-07-05
1537,Ring meg opp,2024-09-20
1538,Søv når æ dør,2024-09-20
1539,Syystakkikausi,2024-09-20
1540,Una Velita,2024-09-19
1541,Dancing In The Flames,2024-09-13
1542,Für Mary <3,2024-09-19
1543,Schlaraffenland,2024-09-20
1544,FLUDDALITY,2024-09-20
1545,Kawałek nieba,2024-09-19
1546,Thug Popstar,2024-04-05
1547,MANON B,2024-08-29
1548,ZERI IN PIÙ (LOCURA) (feat. Laura Pausini),2024-09-12
1549,Lightskinboy (feat. Sexmane),2024-05-24
1550,H V D O L,2024-09-12
1551,Jylland,2024-08-30
1552,Alt Ved Dig,2024-05-10
1553,GUNSHOT,2024-09-13
1344,2000,2024-06-13
1554,HIMMEL,2024-07-17
1555,Out Of The Dark,2024-08-09
75,Lloret de Mar,2024-09-15
1556,Unreal Unearth: Unheard,2024-03-22
1557,DINASTIA,2024-08-30
1558,Cold Hand,2019-05-14
1559,GLOCKHARDT (WockhardtXGlockpit),2024-07-05
1560,Хартбіт,2024-06-20
1561,RADIO SAKURA,2024-03-08
1562,Your Love,2024-09-09
1563,TOKA,2024-09-12
1564,Super,2024-07-31
1565,RAKATA,2024-07-03
1566,"Haye O Dila - From ""Ardaas Sarbat De Bhale Di""",2024-08-29
1567,Wilmersdorfs Kind,2024-08-29
1568,Planeta opic,2023-10-13
1569,LACRIME,2024-09-13
1570,Therapy,2024-09-13
1571,Pieni Prinssi,2024-09-13
1572,Why's this dealer?,2024-08-29
1573,ALTE BILDER,2024-09-13
1567,Wilmersdorfs Kind,2024-08-30
1574,Вокруг света,1991-01-01
1575,BOY,2024-07-04
1576,Huisfeestje,2024-06-07
1577,Paprika,2024-05-10
1578,Ke Ti Den Tha Dina,2024-08-29
1579,TPLM,2024-09-13
1580,Prime,2024-02-15
1581,Sitä samaa (feat. Bizi & Robin Packalen),2024-09-13
1582,Saule Aust,2024-07-29
1583,Black Nirvana,2024-05-30
1584,BFF,2023-08-24
1585,NOTSOZEN,2024-09-13
1586,PER SEMPRE (feat. Bresh),2024-09-11
1587,FRÆG GELLA,2024-09-06
1588,MONNÍ,2024-04-20
1589,Makigiaz,2024-09-12
1590,Banksy,2024-09-13
1591,Suvepalavik,2024-05-24
1592,Kinder der Nacht,2024-09-13
1593,BAGS IN THIS B*TCH,2024-09-06
1594,SAFE,2023-10-24
1595,Gods Time,2024-09-05
1596,Vai e Me Supera,2024-06-07
1597,SOIS PAS TIMIDE,2024-07-19
1598,SPIDER,2024-05-10
1599,SELVIYTYJÄ,2024-09-05
1600,SUNSHINE IN JULY,2024-03-10
1601,Du og jeg,2024-09-06
1602,Hab Bock,2024-09-05
1603,AMA DOREN,2024-08-29
1604,Ritmada Interestelar,2024-07-05
1605,Ce Quer Pix,2024-05-07
297,Tony Montana,2024-09-08
1606,Kehykset,2024-09-06
1607,Evolve,2017-06-23
1608,Night Visions,2012-09-04
1609,Mezcal,2024-09-09
1610,Театр,2024-06-14
1611,och i ach,2024-05-17
1612,More Of Us,2024-08-02
1613,Winkas,2022-01-28
1614,Sad Boy World,2024-08-14
1615,Busa Baddie,2024-09-10
1354,911,2024-09-06
1616,Perävalot (feat. Ellinoora),2024-08-16
1617,SE ME OLVIDA,2024-08-23
1618,OOPS (I did it again),2024-09-06
1619,No Living,2024-06-11
1620,Prawie straciłem głos,2024-06-13
1621,Cuando Te Vi | CROSSOVER #5,2024-06-27
1622,Barn Af Byen Freestyle,2024-09-06
1623,Pedro,2024-03-29
1624,Amore,2023-12-11
1625,CHEEKY,2024-03-29
1626,PATOPOP (Vol. 1),2024-06-19
1627,Allo,2024-06-21
1628,LVDR,2024-06-14
1629,Nuori & Tyhmä,2024-08-16
1630,EL ÚLTIMO BAILE,2024-05-23
1631,Bellevue (feat. D1MA),2024-02-23
1632,PRESIDENT OF SEXICO,2023-08-25
1633,Mehr Rapper als Fans,2024-08-23
1634,Mám ťa rád,2024-03-01
1635,Honey Boy (feat. Nile Rodgers & Shenseea),2024-05-03
1636,VEM FAN E DU?,2024-03-22
1637,Ung & Dum,2024-04-26
1638,Individ,2024-06-06
1639,Elysium,2024-05-31
636,Mammanpoika,2024-04-25
1640,heikki???,2023-08-24
1641,København (feat. Suspekt & Benjamin Hav),2024-05-29
1642,Hej,2024-07-26
1643,Къртиш,2024-03-11
1644,COSTA,2024-09-06
1645,WE PRAY,2024-08-23
1646,Aarre,2024-09-05
1647,ten days,2024-09-06
1648,NIE WIEDER,2024-09-05
1649,Ostrava,2024-09-06
1650,Take 5,2024-08-28
1651,HO VOGLIA DI TE,2024-06-14
1652,NEI LETTI DEGLI ALTRI,2024-03-07
649,ICON,2024-03-15
1653,MEMBERS' CLUB,2024-05-30
1654,Definitely Maybe (Deluxe Edition Remastered),1994-01-01
1655,Pygmalion,2024-05-16
1656,Ikuinen elokuu,2024-08-23
1657,Ekaa kertaa,2024-08-23
1658,Neliapila,2024-08-23
1659,En Sammen,2024-08-29
1660,dafür bin ich frei EP,2024-06-21
1661,No Strings Attached,2000-03-21
1662,(What's The Story) Morning Glory? (Deluxe Remastered Edition),1995-01-01
1663,lánc,2024-07-26
1664,Definitely Maybe,1994-08-29
1665,(What's The Story) Morning Glory? [Remastered],1995-10-02
1666,Island Chick,2024-08-29
1667,Starboy,2024-07-18
1668,feRRa,2024-07-26
1669,MILLION DOLLAR BABY,2024-04-26
1670,SEXY SHOP,2024-05-31
593,Viva La Vida or Death and All His Friends,2008-06-12
1671,A Rush of Blood to the Head,2002-08-27
1672,Tænker Ik På Andre,2024-08-30
1673,"Гуляй, душа",1994-01-01
1674,3D : The Remixes,2023-10-02
1675,Dabbackwood Reborn 2,2024-08-02
1676,CAVALINHO,2024-01-25
1677,Viskas Ką Turiu,2019-02-18
1678,MALAVITA,2024-04-26
593,Viva La Vida or Death and All His Friends,2008-06-19
1679,Mylo Xyloto,2011-10-24
1680,Ghost Stories,2014-05-19
1681,A Head Full of Dreams,2015-12-04
1682,X&Y,2005-06-07
1683,Memories...Do Not Open,2017-04-07
1684,Music Of The Spheres,2021-10-15
1685,Korttelipoikii,2024-08-30
1686,Du Min,2024-08-30
1687,СЕКРЕТАРША,2024-08-30
1688,=,2021-10-25
1689,÷ (Deluxe),2017-03-03
1690,It's Not Right But It's Okay,2024-02-23
1691,= (Tour Edition),2020-01-01
1692,Maraton (feat. Eah Jé),2024-04-12
1693,Aoleu,2024-04-11
1694,Vannacht Slaap Jij Bij Mij,2024-06-28
1695,Apkabinti Prisiminimus,2022-01-25
1696,NBA,2024-08-27
1664,Definitely Maybe,1994-01-01
1697,(WHAT'S THE STORY) MORNING GLORY?,1995-01-01
1679,Mylo Xyloto,2011-10-19
1698,ALEQUAN,2024-08-07
1699,Definitely Maybe (Remastered),1994-08-29
1700,Potra Salvaje (Hard Remix),2023-10-14
1701,Miami,2024-08-01
1702,GLAMOUR,2024-06-21
1703,The Death of Slim Shady (Coup De Grâce),2024-07-12
